advmean,advstd,ev,n_updates,opt_approxkl,opt_aux,opt_clipfrac,opt_dyn_loss,opt_ent,opt_feat_var,opt_pg,opt_tot,opt_vf,rank,recent_best_ext_ret,retmean,retstd,rew_mean,total_secs,tps,ups,vpredmean,vpredstd,tcount,best_ext_ret,epcount,eplen,eprew,eprew_recent
1.1670505,0.5241596,0.007853984832763672,1,4.440892e-16,1.4629915,0.0,0.3138407,1.3772969,0.03772878,-0.5048802,0.66811043,1.1743679,0,,1.2947743,0.5262302,0.2546641,8.232097387313843,31.09778564992579,0.12147572519502262,0.1277239,0.05582158,,,,,,
0.31790674,0.31948265,-0.2031233310699463,2,2.220446e-16,1.3102486,0.0,0.18622805,1.3734584,0.04071807,-0.74099267,-0.5240828,0.21828337,0,,1.4200723,0.29126763,0.10549127,10.296641111373901,123.99834259579616,0.48436852576482875,1.1021656,0.32643455,0.0,,,,,
0.21329616,0.34603596,0.14949268102645874,3,8.881784e-16,1.4145651,0.0,0.049260832,1.3750274,0.01964134,0.7351909,0.7386745,0.004858618,0,,1.5578892,0.37521675,0.102150366,12.35010576248169,124.66735176663255,0.4869818428384084,1.3445932,0.28030798,0.0,,,,,
0.25263274,0.1949906,0.7694586664438248,4,2.220446e-16,1.4016299,0.0,0.12085644,1.364739,0.0422587,0.96986234,0.9802988,0.011801223,0,0.0,1.4908097,0.40610588,0.09620045,14.575021743774414,115.06052460069006,0.44945517422144554,1.238177,0.3248906,125.0,0.0,1.0,125.0,0.0,0.0
0.13582039,0.20307696,0.7732822895050049,5,0.0,1.4309347,0.0,0.083408564,1.3485805,0.039162595,0.7522937,0.76392037,0.012975196,0,0.0,1.7874424,0.4264989,0.0957012,16.7271089553833,118.95428708421906,0.4646651839227307,1.6516222,0.46018636,253.0,0.0,2.0,126.5,0.0,0.0
0.07744501,0.18701017,0.6896276772022247,6,2.8865799e-15,1.5385623,0.0,0.066814676,1.3460202,0.019449014,0.20316413,0.21006544,0.008247327,0,1.0,1.9129696,0.33567864,0.079565585,18.988251209259033,113.2171138552653,0.44225435099713006,1.8355246,0.37887168,417.0,1.0,3.0,139.0,0.3333333333333333,1.0
0.121351555,0.19813427,0.4932265877723694,7,0.0,1.2171695,0.0,0.10373397,1.3336028,0.039550245,0.03275607,0.050448548,0.019026078,0,2.0,2.1667936,0.27832532,0.07529277,21.23284411430359,114.0518618875873,0.44551508549838786,2.045442,0.32082367,822.0,2.0,5.0,164.4,1.0,2.0
0.14913008,0.319968,0.38309627771377563,8,5.3290705e-15,1.327108,0.0,0.16264498,1.34098,0.0840047,-0.933226,-0.7843508,0.15021618,0,3.0,2.5441866,0.40737826,0.09835124,23.505324125289917,112.65225602089583,0.44004787508162435,2.3950567,0.34353513,1057.0,3.0,6.0,176.16666666666666,1.3333333333333333,3.0
0.17099836,0.18300009,0.837472453713417,9,8.881784e-16,1.3542826,0.0,0.1281785,1.3481035,0.06852023,-0.08530374,-0.050772205,0.035879634,0,,2.8643975,0.4539289,0.1120968,25.896474361419678,107.06144521239008,0.41820877036089876,2.6933992,0.41222408,1057.0,3.0,6.0,176.16666666666666,1.3333333333333333,3.0
0.10366097,0.15292151,0.8927785083651543,10,4.440892e-16,0.5234843,0.0,0.109717876,1.3159409,0.087999806,0.0036490075,0.012965904,0.010632837,0,0.0,2.6860964,0.4670116,0.10701606,28.158180236816406,113.18889992939278,0.44214414034919053,2.5824356,0.4721282,1184.0,3.0,7.0,169.14285714285714,1.1428571428571428,0.0
0.16582775,0.26968554,0.20304083824157715,11,2.220446e-16,1.0319338,0.0,0.12587799,1.3729184,0.10713899,-0.098433435,-0.07468279,0.02512357,0,5.0,2.734247,0.3020923,0.12146765,30.440751314163208,112.15422929899182,0.4381024581991868,2.568419,0.39411387,1854.0,5.0,10.0,185.4,1.5,2.3333333333333335
0.15927011,0.25261363,-0.11779797077178955,12,5.551115e-15,0.77771026,0.0,0.12257481,1.2254112,0.14477964,1.1164664,1.1618533,0.046612218,0,5.0,2.8059328,0.23893245,0.12874629,32.67261838912964,114.70217150089482,0.4480553574253704,2.6466627,0.2827286,2472.0,5.0,12.0,206.0,1.9166666666666667,4.0
0.26585436,0.17578234,0.7083115577697754,13,4.2188475e-15,0.82361877,0.0,0.10648194,1.3021333,0.11206603,0.6572862,0.67109776,0.015113677,0,,2.9777503,0.32547352,0.14388537,34.81145644187927,119.69115645333369,0.4675435798958347,2.711896,0.29185212,2472.0,5.0,12.0,206.0,1.9166666666666667,4.0
0.17289427,0.23017913,0.46976321935653687,14,5.884182e-15,0.40415823,0.0,0.13204238,1.2820262,0.143756,0.26244566,0.27908626,0.01792265,0,,3.4567819,0.31610474,0.15363628,37.28361463546753,103.55324374627676,0.4045048583838936,3.2838879,0.24740969,2472.0,5.0,12.0,206.0,1.9166666666666667,4.0
0.020315826,0.25242513,0.4135594367980957,15,0.0,0.52519923,0.0,0.14100984,1.205622,0.1904817,-0.28328356,-0.26956588,0.014923297,0,3.0,3.3746712,0.32962537,0.13737622,39.5891227722168,111.03842832710893,0.43374386065276926,3.3543553,0.27170777,3072.0,5.0,15.0,204.8,1.8666666666666667,1.6666666666666667
0.10243968,0.3143908,-0.13882076740264893,16,3.1641356e-15,0.5470732,0.0,0.11772246,1.2417535,0.16928479,0.20035484,0.21282795,0.013714865,0,2.0,3.3568482,0.2946064,0.11545025,41.81572103500366,114.97359190408426,0.44911559337532914,3.2544088,0.4055545,3415.0,5.0,17.0,200.88235294117646,1.7647058823529411,1.0
0.11534438,0.18524505,0.3541525602340698,17,5.3290705e-15,0.5213712,0.0,0.14110142,1.2700832,0.18302354,0.6335168,0.67076254,0.038515836,0,2.0,3.5798478,0.23050568,0.14651468,44.09115719795227,112.50590289831034,0.43947618319652476,3.4645033,0.22798109,3782.0,5.0,19.0,199.05263157894737,1.736842105263158,1.5
0.084619924,0.13511075,0.8506472855806351,18,2.220446e-16,0.44616866,0.0,0.14708665,1.2994355,0.23558863,-0.49940765,-0.4834705,0.01723659,0,,3.7862291,0.34960955,0.13880914,46.490034341812134,106.71659474319245,0.4168616982155955,3.701609,0.3364588,3782.0,5.0,19.0,199.05263157894737,1.736842105263158,1.5
0.05716072,0.25301874,0.15951007604599,19,5.551115e-17,0.4065624,0.0,0.13465776,1.2855159,0.25157356,0.87264323,0.89018613,0.01882841,0,4.0,3.7103553,0.27598563,0.16029705,48.666727781295776,117.60957944575263,0.4594124197099712,3.6531944,0.3827111,4038.0,5.0,20.0,201.9,1.85,4.0
0.16348727,0.18473874,0.5239928662776947,20,0.0,1.3439895,0.0,0.16373144,1.2975602,0.14009492,-0.08267652,-0.053271424,0.030702662,0,1.0,3.7108605,0.26776344,0.15922616,50.81712222099304,119.0479268705884,0.46503096433823593,3.5473733,0.27125692,4198.0,5.0,21.0,199.9047619047619,1.8095238095238095,1.0
0.07900153,0.1981962,0.1791399121284485,21,8.881784e-16,0.32599658,0.0,0.16803578,1.281928,0.2594506,-0.6593354,-0.6223435,0.038273796,0,1.0,3.8689594,0.21875641,0.15653291,52.98972177505493,117.8311942121974,0.4602781023913961,3.7899575,0.2555404,4391.0,5.0,22.0,199.5909090909091,1.7727272727272727,1.0
0.057401866,0.18033798,0.6102534830570221,22,0.0,1.2332284,0.0,0.27100518,1.3056607,0.28940326,-1.323555,-1.2601777,0.06468292,0,3.0,3.9178143,0.28886577,0.16215765,55.21678805351257,114.94943032287895,0.4490212121987459,3.8604121,0.1967893,4781.0,5.0,24.0,199.20833333333334,1.7916666666666667,2.0
0.15297234,0.22882393,0.4676209092140198,23,2.220446e-16,0.17172202,0.0,0.15104312,1.1583129,0.3514675,0.37793344,0.38314894,0.0063738087,0,2.0,3.845964,0.31361076,0.14740808,57.38331317901611,118.16156525786928,0.4615686142885519,3.6929917,0.29041502,5005.0,5.0,25.0,200.2,1.8,2.0
0.11053609,0.23295827,-0.7017275094985962,24,7.5495166e-15,0.45050755,0.0,0.16548063,1.0129724,0.3261116,0.46262658,0.469193,0.0075794086,0,0.0,4.2686577,0.17858014,0.17204195,59.55968260765076,117.6270887799609,0.45948081554672227,4.1581216,0.25387087,5137.0,5.0,26.0,197.57692307692307,1.7307692307692308,0.0
-0.046423547,0.16171394,0.3749123811721802,25,0.0,0.10014941,0.0,0.12325574,1.0764735,0.33885592,0.329486,0.34282038,0.014410824,0,0.0,4.5244465,0.20453942,0.15519229,61.73958706855774,117.43633934006782,0.4587357005471399,4.5708694,0.22176701,5266.0,5.0,27.0,195.03703703703704,1.6666666666666667,0.0
-0.16196732,0.32896438,0.4978899359703064,26,4.440892e-16,0.6321855,0.0,0.11534516,1.1635946,0.26673073,-0.0060355924,0.02105352,0.028252706,0,4.0,4.4531646,0.46424732,0.12282045,63.907347440719604,118.09423370199178,0.4613056003984054,4.6151323,0.49154976,5562.0,5.0,28.0,198.64285714285714,1.75,4.0
-0.019749165,0.43596074,0.21531832218170166,27,2.220446e-16,0.1807163,0.0,0.10641418,1.0969956,0.32571137,0.44596705,0.48069385,0.035823803,0,4.0,3.6044633,0.49215356,0.14533241,66.18503022193909,112.39493142365346,0.43904270087364633,3.6242125,0.48724756,6277.0,5.0,31.0,202.48387096774192,1.7741935483870968,2.0
0.030933067,0.13730149,0.9296584278345108,28,0.0,0.87582695,0.0,0.07806224,1.2738956,0.18005824,-0.009408623,-0.0069059012,0.0037766173,0,,3.4375696,0.5176893,0.12240984,68.33759260177612,118.92802847338666,0.46456261122416664,3.4066365,0.53836185,6277.0,5.0,31.0,202.48387096774192,1.7741935483870968,2.0
0.0054190876,0.16421743,0.8347714245319366,29,2.7755576e-16,0.2531659,0.0,0.1588834,1.2603772,0.32381213,-0.03696783,-0.031345155,0.0068830512,0,0.0,3.5540776,0.40399563,0.12206441,70.810373544693,103.52716472249446,0.404402987197244,3.5486588,0.44118708,6435.0,5.0,32.0,201.09375,1.71875,0.0
-0.015834164,0.11175578,0.9148950278759003,30,0.0,0.29815966,0.0,0.11038908,1.1710865,0.38288593,0.018207908,0.021225806,0.0041889837,0,,3.6754663,0.38308266,0.12643321,72.9690625667572,118.5904951493219,0.46324412167703866,3.6913004,0.39781365,6435.0,5.0,32.0,201.09375,1.71875,0.0
-0.01306409,0.20900086,0.46239060163497925,31,5.620504e-15,0.7381228,0.0,0.104655236,1.1763772,0.24135782,0.84290695,0.8691067,0.02737613,0,3.0,3.5506275,0.2850458,0.1295702,75.13190937042236,118.36252089892926,0.46235359726144243,3.5636916,0.34980714,6728.0,5.0,33.0,203.87878787878788,1.7575757575757576,3.0
0.047230598,0.20601864,0.4958878755569458,32,4.440892e-16,0.49508125,0.0,0.24473584,1.1908034,0.33269483,-1.5438979,-1.4636548,0.08143388,0,2.0,3.5366807,0.29016364,0.13800392,77.4298586845398,111.40367562820738,0.4351706079226851,3.4894505,0.1937583,7134.0,5.0,35.0,203.82857142857142,1.7428571428571429,1.5
-0.0037372895,0.17014752,-0.153251051902771,33,0.0,0.5371984,0.0,0.13812678,1.2150513,0.3331071,-1.4608071,-1.4251752,0.03684698,0,4.0,3.4557822,0.15843959,0.11534747,79.66238570213318,114.66826514644491,0.4479229107283004,3.4595194,0.21686168,7653.0,5.0,37.0,206.83783783783784,1.7837837837837838,2.5
0.011325065,0.17944968,0.22984451055526733,34,4.32987e-15,0.30029577,0.0,0.11715697,1.1953896,0.29741278,-0.6288477,-0.6108397,0.01920339,0,2.0,3.3455362,0.20448124,0.10268299,81.91214323043823,113.79004038398219,0.4444923452499304,3.3342113,0.13696614,8027.0,5.0,39.0,205.82051282051282,1.7692307692307692,1.5
0.0061687976,0.19008312,0.5038257837295532,35,5.939693e-15,0.5240639,0.0,0.17654917,1.2196268,0.26517093,-1.7740352,-1.7115456,0.06370925,0,5.0,3.4389615,0.2698525,0.11146192,84.22585439682007,110.64475277626414,0.4322060655322818,3.4327927,0.2303334,8438.0,5.0,41.0,205.8048780487805,1.8048780487804879,2.5
-0.06987295,0.16706644,0.7182956635951996,36,1.110223e-16,0.15604503,0.0,0.06907911,1.2051196,0.38364848,0.55384874,0.5728181,0.020174481,0,,3.3428004,0.31476936,0.09384078,86.42977571487427,116.15659683623261,0.45373670639153363,3.4126732,0.29596996,8438.0,5.0,41.0,205.8048780487805,1.8048780487804879,2.5
-0.03977757,0.15912367,0.6312396824359894,37,0.0,0.22780496,0.0,0.080904186,1.2042606,0.3262979,0.35367444,0.3617689,0.009298708,0,1.0,3.3167007,0.26203707,0.092859946,88.64022636413574,115.81348811634008,0.45239643795445345,3.3564785,0.2767205,8601.0,5.0,42.0,204.78571428571428,1.7857142857142858,1.0
-0.06860879,0.13455255,0.3801923990249634,38,0.0,0.11350745,0.0,0.11645234,1.2238665,0.34308052,-0.53142196,-0.5226049,0.010040946,0,1.0,3.2307491,0.17090845,0.0918788,90.92012596130371,112.28564640214704,0.43861580625838686,3.299358,0.2002103,9095.0,5.0,45.0,202.11111111111111,1.711111111111111,0.6666666666666666
-0.04117866,0.1235913,0.5588550865650177,39,2.220446e-16,0.5001042,0.0,0.06357392,1.2333399,0.18335319,1.0039217,1.0227218,0.020033365,0,,3.1260242,0.18607895,0.078204446,93.15997219085693,114.29356025527868,0.44645921974718233,3.1672032,0.17054987,9095.0,5.0,45.0,202.11111111111111,1.711111111111111,0.6666666666666666
-0.013619093,0.1209648,0.12593579292297363,40,4.9960036e-16,0.16190562,0.0,0.08289987,1.1855228,0.2640692,0.85124743,0.8640656,0.014003683,0,1.0,3.0634916,0.12938602,0.08801314,95.48275089263916,110.21282389216664,0.43051884332877594,3.0771108,0.18223551,9581.0,5.0,48.0,199.60416666666666,1.6458333333333333,0.6666666666666666
-0.047241412,0.15633343,0.55523282289505,41,1.3877788e-15,0.2599043,0.0,0.08261682,1.2102771,0.29168487,-0.4335513,-0.4293062,0.0054553626,0,,3.1218567,0.23441505,0.08011295,97.64427638053894,118.43487455183296,0.4626362287180975,3.1690981,0.1952461,9581.0,5.0,48.0,199.60416666666666,1.6458333333333333,0.6666666666666666
-0.007696273,0.12115146,0.8472828716039658,42,1.110223e-15,0.21700568,0.0,0.084075585,1.2771455,0.3085934,-0.14560269,-0.14504786,0.0018319822,0,0.0,3.0456214,0.31001648,0.08815778,99.87400817871094,114.81201470503166,0.4484844324415299,3.053318,0.29380003,9706.0,5.0,49.0,198.08163265306123,1.6122448979591837,0.0
-0.034521352,0.1281072,0.8425451964139938,43,5.551115e-16,0.5666652,0.0,0.063565075,1.1619712,0.29605445,0.5751482,0.5818019,0.007815685,0,8.0,2.9771318,0.32284614,0.08149369,102.14983892440796,112.48639666373545,0.4393999869677166,3.0116532,0.3595746,10342.0,8.0,52.0,198.8846153846154,1.7115384615384615,3.3333333333333335
-0.026241394,0.09709864,0.8837942257523537,44,4.718448e-15,0.23552597,0.0,0.087261364,1.2114153,0.2425845,-0.12721309,-0.12593544,0.0024890685,0,,2.9403071,0.2848389,0.07442272,104.30457925796509,118.80781921290037,0.46409304380039207,2.9665484,0.292086,10342.0,8.0,52.0,198.8846153846154,1.7115384615384615,3.3333333333333335
-0.073897585,0.090952896,0.9332336783409119,45,0.0,0.33370227,0.0,0.08853227,1.2418048,0.2509311,-0.7542672,-0.74833506,0.0071739405,0,3.0,2.8976736,0.35199603,0.06912999,106.485595703125,117.37646479837986,0.4585018156186713,2.9715712,0.33180806,10762.0,8.0,54.0,199.2962962962963,1.7222222222222223,2.0
-0.12207095,0.18889742,-0.8599209785461426,46,3.7747583e-15,0.435192,0.0,0.06493411,1.2736064,0.18689103,-0.18459982,-0.17815083,0.007722593,0,2.0,2.6963162,0.13850926,0.0676293,108.67959952354431,116.68165643899108,0.4557877204648089,2.8183875,0.2950685,11095.0,8.0,56.0,198.125,1.6964285714285714,1.0
-0.05248187,0.1053141,0.3954818844795227,47,2.7755576e-16,0.5909493,0.0,0.046603993,1.2318422,0.19607008,0.77171385,0.78175044,0.0112684285,0,1.0,2.5670633,0.1354509,0.06310259,110.90584588050842,114.99176593784625,0.4491865856947119,2.6195452,0.13635778,11374.0,8.0,58.0,196.10344827586206,1.6551724137931034,0.5
-0.059049148,0.081425585,-0.13343322277069092,48,8.881784e-16,0.2355322,0.0,0.057148337,1.1897049,0.24411622,0.19303101,0.19626415,0.004422837,0,,2.5168843,0.076482646,0.06046975,113.09724402427673,116.82039647974898,0.45632967374901945,2.5759335,0.092742115,11374.0,8.0,58.0,196.10344827586206,1.6551724137931034,0.5
-0.03746795,0.10509046,0.13140517473220825,49,0.0,0.33765006,0.0,0.07791664,1.2458823,0.24031441,-0.23756374,-0.23497756,0.0038320692,0,1.0,2.4232707,0.11275991,0.06652477,115.67662453651428,99.24863694419646,0.38768998806326743,2.4607387,0.100713484,11838.0,8.0,61.0,194.0655737704918,1.6065573770491803,0.6666666666666666
-0.058627073,0.10208403,0.1675758957862854,50,1.110223e-15,0.261477,0.0,0.05295331,1.177058,0.22235669,0.14496213,0.14952427,0.0057391906,0,,2.3502183,0.11188853,0.058618404,117.99487400054932,110.42815019330087,0.4313599616925815,2.4088454,0.12703787,11838.0,8.0,61.0,194.0655737704918,1.6065573770491803,0.6666666666666666
-0.06029243,0.08445909,0.6910607218742371,51,0.0,0.6853974,0.0,0.062268093,1.2106042,0.24966036,-0.24078819,-0.2397883,0.0022104986,0,4.0,2.295337,0.15195319,0.059610613,120.26576781272888,112.73094260373871,0.44035524454585434,2.3556294,0.13703659,12321.0,8.0,63.0,195.57142857142858,1.6349206349206349,2.5
-0.018582702,0.117718145,0.8164322525262833,52,2.220446e-16,0.44980907,0.0,0.0420086,1.2338817,0.13812286,0.6383014,0.6427804,0.005712947,0,,2.247282,0.27475476,0.06561099,122.45530295372009,116.91979507764731,0.4567179495220598,2.2658648,0.2169424,12321.0,8.0,63.0,195.57142857142858,1.6349206349206349,2.5
0.004216777,0.08597575,0.8859020546078682,53,2.8865799e-15,0.33666968,0.0,0.07082889,1.2721794,0.25424027,-0.2628925,-0.25414604,0.010018634,0,2.0,2.1348267,0.2545289,0.06742113,124.70069289207458,114.01137754612306,0.4453569435395432,2.1306098,0.24919489,12654.0,8.0,65.0,194.6769230769231,1.6153846153846154,1.0
0.008021454,0.086913146,0.8869873434305191,54,3.8302694e-15,0.2864319,0.0,0.067606494,1.2939047,0.21104616,0.14603129,0.14876097,0.0040235827,0,,2.1713896,0.25853652,0.070526704,126.84038639068604,119.64330413030216,0.4673566567589928,2.1633682,0.25760496,12654.0,8.0,65.0,194.6769230769231,1.6153846153846154,1.0
0.05079334,0.14886555,0.8535444885492325,55,3.2196468e-15,0.5452492,0.0,0.06523093,1.2554379,0.19786541,0.34670073,0.34662578,0.001180505,0,3.0,2.2688198,0.3889926,0.09161485,129.15475583076477,110.61328220411121,0.43208313360980943,2.2180264,0.33283818,13278.0,8.0,68.0,195.26470588235293,1.6323529411764706,2.0
0.09274816,0.1843596,-1.5971159934997559,56,0.0,0.33288008,0.0,0.120943606,1.2987037,0.22539185,-2.1334012,-1.9977463,0.13695346,0,4.0,1.9758687,0.114398435,0.07591608,131.34894180297852,116.67197003438956,0.4557498829468342,1.8831205,0.2040906,13601.0,8.0,69.0,197.1159420289855,1.6666666666666667,4.0
-0.003637636,0.13850424,0.23268449306488037,57,0.0,0.48734286,0.0,0.046307698,1.2694571,0.20902908,0.7297753,0.73589164,0.0073858052,0,0.0,2.0597339,0.15811609,0.074925594,133.8549463748932,102.15464204217604,0.39904157047725014,2.0633714,0.12149843,13730.0,8.0,70.0,196.14285714285714,1.6428571428571428,0.0
0.052226037,0.1660766,0.3222188353538513,58,5.0515148e-15,0.6584562,0.0,0.073073916,1.2845932,0.140441,-0.2646703,-0.25842604,0.0075288685,0,2.0,2.1243918,0.20172684,0.079751395,136.06584286689758,115.79013351634156,0.4523052090482092,2.072166,0.21203317,13938.0,8.0,71.0,196.30985915492957,1.647887323943662,2.0
0.05192234,0.18094946,0.35054081678390503,59,2.220446e-16,0.850325,0.0,0.08786045,1.2328937,0.19261344,0.36554995,0.36829534,0.003978284,0,3.0,2.1794841,0.22453362,0.088752195,138.27293920516968,115.98949967014981,0.4530839830865227,2.1275616,0.18866578,14186.0,8.0,72.0,197.02777777777777,1.6666666666666667,3.0
0.026278244,0.12587003,0.6571540832519531,60,3.1086245e-15,0.9125972,0.0,0.106657624,1.2029105,0.1939016,1.1400281,1.160848,0.022022806,0,2.0,2.22781,0.21496752,0.089320734,140.51208543777466,114.32929045557441,0.44659879084208753,2.201532,0.22688095,14569.0,8.0,74.0,196.8783783783784,1.662162162162162,1.5
0.08378666,0.12981293,0.7654135376214981,61,0.0,0.13200781,0.0,0.05718286,1.2268999,0.25337413,1.3406221,1.3451614,0.005766265,0,,2.29357,0.26801956,0.09717934,142.7043914794922,116.77201774230419,0.4561406943058757,2.209783,0.234706,14569.0,8.0,74.0,196.8783783783784,1.662162162162162,1.5
0.066933684,0.15333599,0.7657430768013,62,2.220446e-16,0.18655545,0.0,0.14919513,1.1645684,0.29289064,-1.1313837,-1.0951601,0.03738814,0,1.0,2.4915147,0.31680927,0.098611146,144.87978720664978,117.6797383593714,0.4596864779662945,2.424581,0.28317836,14744.0,8.0,75.0,196.58666666666667,1.6533333333333333,1.0
0.0012430139,0.16373165,0.2585234045982361,63,3.3861802e-15,0.38825333,0.0,0.08874531,1.2148604,0.3035884,0.99543065,1.0289142,0.03469844,0,3.0,2.7305155,0.19014457,0.09834135,147.1198127269745,114.28441224316545,0.44642348532486503,2.7292724,0.21426892,14997.0,8.0,76.0,197.32894736842104,1.6710526315789473,3.0
0.012705077,0.13118427,0.4620218276977539,64,2.220446e-16,0.2640138,0.0,0.12676522,1.2038122,0.24054721,-1.6933606,-1.655736,0.038828343,0,3.0,2.5593753,0.1788543,0.09331679,149.37269592285156,113.63216720178697,0.44387565313198035,2.5466702,0.1579964,15377.0,8.0,78.0,197.14102564102564,1.6666666666666667,1.5
0.023565913,0.12656517,0.8299121558666229,65,3.3861802e-15,0.5182811,0.0,0.08194162,1.2372535,0.29167065,-0.58544624,-0.5778128,0.008870693,0,,2.5550113,0.3068863,0.093368836,151.5748016834259,116.25236379801828,0.4541107960860089,2.5314453,0.25056353,15377.0,8.0,78.0,197.14102564102564,1.6666666666666667,1.5
-0.014755565,0.10586513,0.8647648245096207,66,4.82947e-15,0.23857981,0.0,0.06416066,1.186841,0.2941203,0.5885986,0.5918237,0.0044119162,0,4.0,2.5319285,0.28787777,0.08349918,154.30452227592468,93.78249213618535,0.36633785990697404,2.5466843,0.28836876,16060.0,8.0,81.0,198.2716049382716,1.7037037037037037,2.6666666666666665
0.0051900446,0.18822059,0.18948733806610107,67,0.0,0.9746649,0.0,0.048587084,1.2451357,0.13192755,0.5464422,0.55190253,0.006705491,0,6.0,2.3645716,0.20906784,0.079806864,156.50037670135498,116.58332038556448,0.45540359525611124,2.3593814,0.26255825,16434.0,8.0,82.0,200.41463414634146,1.7560975609756098,6.0
0.031231016,0.11224426,0.6249614357948303,68,8.881784e-16,0.25419778,0.0,0.06790149,1.2090564,0.28773832,0.7771952,0.7801965,0.004210361,0,1.0,2.3092175,0.18328469,0.075583786,158.74393558502197,114.1044266159754,0.4457204164686539,2.2779865,0.17023197,16613.0,8.0,83.0,200.15662650602408,1.7469879518072289,1.0
-0.0008410923,0.14064041,0.6689147651195526,69,2.220446e-16,0.6981292,0.0,0.08559003,1.276468,0.1867972,0.6642806,0.6717592,0.008755117,0,,2.4757118,0.24442196,0.080339916,160.88971185684204,119.30414338250571,0.46603181008791295,2.4765532,0.23003589,16613.0,8.0,83.0,200.15662650602408,1.7469879518072289,1.0
-0.018031308,0.17563435,0.19015496969223022,70,2.220446e-16,0.48786518,0.0,0.07273073,1.2283726,0.34456518,-0.022439148,-0.021589907,0.002077615,0,2.0,2.3679242,0.19516794,0.085444815,163.2533073425293,108.30956546930602,0.42308424011447665,2.3859556,0.2401368,17281.0,8.0,87.0,198.632183908046,1.7126436781609196,1.0
-0.016477339,0.09626648,0.7165486216545105,71,2.7755576e-16,0.1958158,0.0,0.11608141,1.2045422,0.29533833,-0.21890223,-0.21334212,0.0067646494,0,2.0,2.3147469,0.18081558,0.07634231,165.46811842918396,115.58547884400939,0.45150577673441167,2.331224,0.18811497,17630.0,8.0,89.0,198.08988764044943,1.696629213483146,1.0
0.010490406,0.09483905,0.5191043019294739,72,0.0,0.19359586,0.0,0.05335773,1.2206777,0.33510205,0.41415405,0.41656622,0.0036328542,0,0.0,2.3207917,0.13676085,0.06999512,167.66043734550476,116.77133198742133,0.4561380155758646,2.3103013,0.10905299,17760.0,8.0,90.0,197.33333333333334,1.6777777777777778,0.0
-0.016601441,0.10322606,0.14938712120056152,73,0.0,0.8218093,0.0,0.07310103,1.2166575,0.17502794,0.6614476,0.66643935,0.0062084286,0,2.0,2.3445005,0.11192405,0.07220198,169.8256847858429,118.2312909050348,0.4618409800977922,2.361102,0.12139558,17986.0,8.0,91.0,197.64835164835165,1.6813186813186813,2.0
-0.021007791,0.10113862,0.55615234375,74,0.0,0.20696114,0.0,0.060052045,1.2165704,0.3060878,-0.4109094,-0.40923584,0.0028901352,0,0.0,2.3266244,0.1518099,0.06914362,171.98190093040466,118.72650181460811,0.46377539771331294,2.3476324,0.1332172,18111.0,8.0,92.0,196.8586956521739,1.6630434782608696,0.0
-0.043548383,0.109668195,0.609924852848053,75,5.551115e-17,0.157704,0.0,0.07850674,1.1961951,0.326967,0.25968775,0.26427573,0.005784174,0,1.0,2.249567,0.17559274,0.07260334,174.23335647583008,113.7042214846967,0.4441571151745965,2.2931154,0.14888877,18569.0,8.0,95.0,195.46315789473684,1.631578947368421,0.6666666666666666
0.009980236,0.12162691,0.27926069498062134,76,1.3877788e-15,0.33217794,0.0,0.054383725,1.2296066,0.25596526,0.83991224,0.84891695,0.010234276,0,2.0,2.17142,0.14326517,0.062136233,176.43996214866638,116.01529133700875,0.4531847317851904,2.16144,0.16924423,18881.0,8.0,97.0,194.64948453608247,1.6185567010309279,1.0
-0.05832785,0.07467083,-0.43600666522979736,77,0.0,0.15666178,0.0,0.044621367,1.2362628,0.32610852,-0.02693488,-0.024782917,0.0033882284,0,2.0,2.1901164,0.06231216,0.060230576,178.60359692573547,118.31941449322761,0.46218521286417036,2.2484443,0.08515003,19104.0,8.0,98.0,194.9387755102041,1.6224489795918366,2.0
0.039294787,0.12915048,0.11388814449310303,78,6.217249e-15,0.24873807,0.0,0.0516585,1.1835935,0.3216045,0.8239549,0.8277689,0.004997634,0,,2.2631357,0.13719925,0.07048383,180.80127620697021,116.48651474575912,0.4550254482256216,2.2238407,0.107200205,19104.0,8.0,98.0,194.9387755102041,1.6224489795918366,2.0
-0.026413519,0.115578234,0.2526562213897705,79,2.220446e-16,0.26251286,0.0,0.06221515,1.175523,0.29184404,1.1413975,1.1579202,0.017698346,0,2.0,2.2605004,0.13369521,0.06612016,182.95172905921936,119.04469318276435,0.46501833274517324,2.2869139,0.1384512,19304.0,8.0,99.0,194.989898989899,1.6262626262626263,2.0
-0.020655353,0.068751544,0.3552064895629883,80,4.9960036e-16,0.19675052,0.0,0.06512058,1.1918266,0.24389946,0.39046103,0.39188805,0.0026188367,0,2.0,2.2424612,0.08561938,0.0626082,185.21512484550476,113.10439011647075,0.4418140238924639,2.2631166,0.09709492,19802.0,8.0,102.0,195.49,1.65,1.3333333333333333
-0.048850913,0.0802588,0.35549741983413696,81,3.5527137e-15,0.24146569,0.0,0.081279114,1.1811985,0.27408177,-0.6830021,-0.68103635,0.0031469222,0,1.0,2.2117987,0.09997245,0.061235372,187.40687489509583,116.80163988031589,0.45625640578248394,2.2606494,0.10381863,19962.0,8.0,103.0,195.45,1.65,1.0
0.0068915337,0.10940322,0.43685317039489746,82,5.2735594e-15,0.29487348,0.0,0.06711983,1.18439,0.27470517,0.06514318,0.06545409,0.001495294,0,2.0,2.2081904,0.14578716,0.06541665,189.61875128746033,115.73883643937955,0.4521048298413264,2.2012992,0.13107763,20184.0,8.0,104.0,195.66,1.65,2.0
-0.033605933,0.11240938,0.07271814346313477,83,7.271961e-15,0.011611592,0.0,0.041201912,1.1521816,0.31606287,-0.26521206,-0.26467928,0.0016849558,0,0.0,2.152996,0.11673382,0.06473918,191.7990117073059,117.4171661650086,0.4586608053320648,2.1866019,0.14902575,20316.0,8.0,105.0,194.94,1.63,0.0
0.031480037,0.095073014,-0.11714863777160645,84,0.0,0.11811061,0.0,0.04850763,1.1568668,0.3387815,0.017765902,0.018352695,0.0017436584,0,3.0,2.1593888,0.08995013,0.06863332,193.95680689811707,118.63961931612454,0.4634360129536115,2.127909,0.117786124,20590.0,8.0,106.0,195.33,1.63,3.0
-0.00011975877,0.09492816,0.322329044342041,85,1.2490009e-16,0.0831162,0.0,0.062210463,1.1128883,0.3097493,0.14203562,0.14291553,0.0019928052,0,,2.182798,0.11531495,0.062279478,196.09396171569824,119.78542588212667,0.4679118198520573,2.1829176,0.11234739,20590.0,8.0,106.0,195.33,1.63,3.0
-0.006824876,0.0789579,0.6911837458610535,86,9.436896e-16,0.107592195,0.0,0.071275055,1.1593323,0.26149738,-0.24232581,-0.24075632,0.0027288168,0,0.0,2.2033148,0.1420841,0.064957775,198.2913167476654,116.50370389659709,0.4550925933460824,2.2101395,0.1305571,20722.0,8.0,107.0,195.38,1.63,0.0
-0.049915344,0.08015069,0.6222473382949829,87,4.6768145e-15,0.24148828,0.0,0.046885937,1.1771407,0.28183693,-0.57447904,-0.5729244,0.0027317884,0,2.0,2.131936,0.1304078,0.06318022,200.56769466400146,112.45935842324651,0.4392943688408067,2.1818514,0.14613003,21376.0,8.0,110.0,195.22,1.62,2.0
0.026887607,0.09701818,-0.028838038444519043,88,2.220446e-16,0.32415152,0.0,0.109451324,1.1773516,0.22184521,-0.46482038,-0.46071526,0.005282468,0,5.0,2.098444,0.095648825,0.06885712,202.79760336875916,114.8029062597062,0.44844885257697736,2.0715563,0.10003019,21978.0,8.0,112.0,195.06,1.62,4.0
0.012039666,0.1326557,0.5035726726055145,89,5.828671e-15,1.271902,0.0,0.058179468,1.2030592,0.09053401,-0.18005493,-0.17800647,0.0032515298,0,,2.1347253,0.18827733,0.07351441,204.94015455245972,119.48372666544336,0.4667333072868881,2.122686,0.11000057,21978.0,8.0,112.0,195.06,1.62,4.0
-0.003913842,0.103690326,0.7662457227706909,90,2.220446e-16,0.2121942,0.0,0.050537154,1.1474485,0.2547822,0.5576261,0.5597849,0.0033061993,0,,2.1049252,0.21446599,0.06544,207.06898140907288,120.2540259226536,0.4697422887603656,2.108839,0.17465694,21978.0,8.0,112.0,195.06,1.62,4.0
0.027680632,0.13828689,0.5330905318260193,91,0.0,0.1566219,0.0,0.07409161,1.1395366,0.21189158,-0.6210513,-0.60927963,0.01291122,0,4.0,2.1389337,0.20237865,0.07693164,209.27700901031494,115.94057966304145,0.45289288930875565,2.1112528,0.20884952,22410.0,8.0,114.0,194.68,1.62,2.5
-0.04891213,0.086991206,0.7658505588769913,92,0.0,0.24026752,0.0,0.07435019,1.1485324,0.24678913,-0.08873472,-0.08500275,0.0048805,0,3.0,2.019574,0.1797748,0.06777401,211.55299949645996,112.47850180323137,0.43936914766887253,2.0684862,0.17233187,22833.0,8.0,116.0,196.37,1.66,2.0
-0.03483014,0.106936835,0.12908995151519775,93,8.062995e-15,0.4664367,0.0,0.04636181,1.1591296,0.3266533,0.022707332,0.024197683,0.0026494805,0,2.0,1.9327873,0.11458841,0.056994073,213.7660174369812,115.67913450340279,0.45187161915391716,1.9676175,0.1898534,23383.0,8.0,119.0,196.01,1.65,1.3333333333333333
-0.022631343,0.073926225,0.31698524951934814,94,0.0,0.44684702,0.0,0.06135621,1.1588871,0.1974908,-0.32567337,-0.32466996,0.0021622952,0,1.0,1.9262304,0.08945064,0.048527636,215.94233179092407,117.63006549867201,0.45949244335418754,1.9488617,0.074297756,23559.0,8.0,120.0,195.21,1.62,1.0
-0.01446375,0.07464973,0.3455752730369568,95,0.0,0.51642483,0.0,0.06591438,1.1490598,0.22904798,0.45273808,0.45449123,0.0029021965,0,0.0,1.9472079,0.09227804,0.05902168,218.16770100593567,115.03709059742069,0.44936363514617456,1.9616717,0.09004203,23813.0,8.0,122.0,194.22,1.6,0.0
-0.035815828,0.096505575,-0.09480953216552734,96,4.440892e-16,0.13694772,0.0,0.050623327,1.1596199,0.32715607,-0.039021946,-0.036827374,0.0033541908,0,,1.901921,0.092232324,0.050802186,220.29169511795044,120.52764108520266,0.4708110979890729,1.937737,0.08872812,23813.0,8.0,122.0,194.22,1.6,0.0
-0.023370547,0.094005324,0.21377742290496826,97,8.881784e-16,0.13127163,0.0,0.037125856,1.201138,0.25262216,0.5603814,0.5646605,0.0054802587,0,1.0,1.9090612,0.10601802,0.055347823,222.513108253479,115.24195833076642,0.45016389972955634,1.9324317,0.13072075,24119.0,8.0,124.0,193.38,1.58,1.0
-0.019178016,0.08446184,0.22424614429473877,98,5.551115e-17,0.22744846,0.0,0.050223336,1.173173,0.2016742,0.5380205,0.53992265,0.0030753673,0,,1.8724053,0.09589558,0.05093182,224.66417479515076,119.01073027756894,0.46488566514675367,1.8915832,0.1080273,24119.0,8.0,124.0,193.38,1.58,1.0
0.01354964,0.07752846,0.6466341614723206,99,0.0,0.0350411,0.0,0.06531251,1.1329169,0.2694601,-0.2006382,-0.1995031,0.0022680317,0,1.0,1.8748174,0.13042141,0.061499488,226.91500115394592,113.73600588942499,0.44428127300556636,1.8612677,0.11678537,24576.0,8.0,127.0,193.1,1.58,0.6666666666666666
-0.006182264,0.07188987,0.3810374140739441,100,9.825474e-15,0.41772977,0.0,0.04915262,1.1751373,0.18861607,-0.107298605,-0.10736682,0.0011069151,0,2.0,1.9149537,0.091376714,0.05820798,229.09213995933533,117.5855206688173,0.45931844011256756,1.921136,0.1093339,24790.0,8.0,128.0,192.28,1.56,2.0
-0.013179682,0.09414943,0.21822905540466309,101,0.0,0.08463965,0.0,0.042742856,1.0827932,0.28677744,0.7394454,0.7432181,0.004855516,0,3.0,1.9006286,0.10648243,0.05287442,231.3095347881317,115.4507968880572,0.45097967534397343,1.9138083,0.10320617,25240.0,8.0,130.0,190.88,1.55,2.5
-0.03720144,0.073584296,0.32841938734054565,102,2.220446e-16,0.4774908,0.0,0.052350674,1.1157331,0.2149834,-0.7590251,-0.75903314,0.0011076878,0,,1.8768901,0.08979168,0.054612808,233.43054962158203,120.69693995659486,0.4714724217054487,1.9140916,0.118863806,25240.0,8.0,130.0,190.88,1.55,2.5
-0.0059297476,0.07134043,0.39129531383514404,103,0.0,1.086528,0.0,0.044118933,1.1644022,0.05091477,0.70965713,0.71104133,0.0025485533,0,2.0,1.8620967,0.09143919,0.05748469,235.62304520606995,116.76192272003686,0.456101260625144,1.8680264,0.08987444,25574.0,8.0,132.0,191.39,1.57,1.0
0.023453545,0.0816891,0.4557453393936157,104,0.0,0.6113289,0.0,0.060749296,1.1332939,0.12357652,-0.53277737,-0.5270302,0.0068804454,0,2.0,1.8675435,0.110729426,0.061762,237.78497838974,118.41254019026655,0.46254898511822873,1.8440897,0.11213752,25795.0,8.0,133.0,190.67,1.56,2.0
0.028094668,0.096623145,0.5995634198188782,105,6.1062266e-15,0.18750794,0.0,0.05091519,1.1190429,0.3395204,0.79549325,0.796994,0.002619717,0,2.0,1.8877659,0.1526913,0.07275954,240.03370022773743,113.84244848530342,0.4446970643957165,1.8596712,0.11374071,26320.0,8.0,136.0,190.21,1.56,1.3333333333333333
0.048157327,0.09292862,0.6726921796798706,106,4.2882364e-15,0.11459176,0.0,0.062495947,1.115324,0.30448467,-0.04837323,-0.043940015,0.0055485396,0,,1.9170568,0.16243187,0.07115556,242.16305303573608,120.22432310811381,0.46962626214106956,1.8688995,0.13312766,26320.0,8.0,136.0,190.21,1.56,1.3333333333333333
-0.0021798555,0.09593337,0.00026553869247436523,107,0.0,0.051191315,0.0,0.059204042,1.1444411,0.26438755,0.4081292,0.40932548,0.0023407293,0,,1.8990114,0.09594611,0.059689537,244.28237175941467,120.79353479954645,0.4718497453107283,1.9011912,0.09124196,26320.0,8.0,136.0,190.21,1.56,1.3333333333333333
0.029711548,0.0865433,0.4105954170227051,108,0.0,0.26751816,0.0,0.08841433,1.1273099,0.207695,0.86517996,0.8690988,0.005046138,0,3.0,1.9436016,0.112726666,0.07582036,246.63587975502014,108.77379659555432,0.42489764295138405,1.91389,0.12719806,27253.0,8.0,141.0,188.15,1.51,1.4
-0.010650476,0.08595628,0.4695666432380676,109,2.220446e-16,0.34543842,0.0,0.03936501,1.1660937,0.27907836,0.5155946,0.5170409,0.00261242,0,0.0,1.8660188,0.1180218,0.06034895,248.82105922698975,117.1528486716266,0.4576283151235414,1.8766692,0.10909629,27387.0,8.0,142.0,187.86,1.5,0.0
-0.025731653,0.08722965,0.45618945360183716,110,2.7755576e-16,0.11640112,0.0,0.059338298,1.1079994,0.26529446,0.5318288,0.5363788,0.005657973,0,,1.8696017,0.1182879,0.052533798,250.95175528526306,120.14853033870003,0.469330196635547,1.8953335,0.11454378,27387.0,8.0,142.0,187.86,1.5,0.0
0.00870095,0.07958418,0.6621664762496948,111,8.951173e-15,0.10110897,0.0,0.049810097,1.0973604,0.28678834,-0.20135972,-0.19953504,0.002922039,0,1.0,1.8820902,0.13692267,0.055653878,253.16061425209045,115.896942197127,0.45272243045752736,1.8733892,0.14228201,27566.0,8.0,143.0,188.34,1.51,1.0
0.010363002,0.09260586,0.47584104537963867,112,2.220446e-16,0.77615994,0.0,0.08298349,1.1563039,0.23496686,-0.38182503,-0.3788033,0.0041780286,0,0.0,1.9082123,0.12791073,0.06905787,255.41061997413635,113.77748842666179,0.4444433141666476,1.8978494,0.13686858,27824.0,8.0,145.0,187.29,1.49,0.0
0.0055296086,0.07185247,0.4066055417060852,113,2.164935e-15,0.13254616,0.0,0.05033073,1.1478577,0.20631349,0.54447687,0.545589,0.0022600314,0,1.0,1.8341017,0.09327601,0.06317298,257.843581199646,105.221570042233,0.41102175797747265,1.828572,0.095014356,27985.0,8.0,146.0,187.09,1.49,1.0
0.053342324,0.09653634,0.2637876272201538,114,2.220446e-16,0.15711156,0.0,0.080137834,1.1359677,0.3000298,-0.38774514,-0.38115588,0.0077252276,0,,1.9056883,0.11250953,0.06938359,260.02769207954407,117.21016655159333,0.45785221309216145,1.852346,0.10147478,27985.0,8.0,146.0,187.09,1.49,1.0
0.045606993,0.10076621,0.3663288354873657,115,0.0,0.48816139,0.0,0.12464802,1.0912344,0.19781673,-0.5183192,-0.50643694,0.012973479,0,2.0,2.0837808,0.12658522,0.08601487,262.2493255138397,115.23053085540285,0.45011926115391737,2.038174,0.106409244,28375.0,8.0,148.0,187.94,1.51,1.5
0.013356201,0.11167911,0.41331273317337036,116,0.0,0.29088715,0.0,0.06630798,1.1533446,0.23622927,-0.20285147,-0.20041323,0.0035916031,0,5.0,1.9931674,0.14580372,0.07424201,264.525883436203,112.45046633131474,0.4392596341066982,1.9798112,0.120593,29017.0,8.0,151.0,188.47,1.48,2.0
0.028653426,0.08712149,-0.41953885555267334,117,2.220446e-16,0.12813711,0.0,0.07878463,1.1873846,0.2808355,0.016994867,0.019078916,0.0032714321,0,4.0,1.978116,0.073122606,0.073168695,266.7640051841736,114.38162389160833,0.44680321832659503,1.9494627,0.108886816,29309.0,8.0,152.0,189.67,1.51,4.0
0.017336443,0.08232125,0.34127211570739746,118,0.0,0.23135409,0.0,0.050284043,1.1567657,0.29528657,0.5503603,0.5525385,0.0033349239,0,1.0,2.0322104,0.10142825,0.0613476,268.96315908432007,116.40840597056349,0.45472033582251364,2.014874,0.08670047,29488.0,8.0,153.0,189.83,1.51,1.0
-0.022730831,0.08701491,0.2779238224029541,119,2.220446e-16,0.40119222,0.0,0.038989335,1.1266019,0.29260823,0.483855,0.48646477,0.0037363577,0,0.0,2.0603855,0.102400534,0.059573304,271.57536244392395,98.00155836214076,0.3828185873521123,2.0831163,0.107094325,29620.0,8.0,154.0,188.58,1.48,0.0
-0.013121586,0.07588962,0.7632230669260025,120,0.0,0.39181912,0.0,0.062079415,1.1703935,0.31600085,0.19588438,0.19691657,0.002202584,0,2.0,2.00464,0.1559598,0.060972236,273.92068433761597,109.153460208826,0.4263807039407266,2.0177615,0.14631736,30307.0,8.0,158.0,189.33,1.49,1.0
0.0071759913,0.08776034,0.6143563985824585,121,2.220446e-16,0.10109302,0.0,0.03885325,1.1750529,0.25813246,1.0777314,1.0824083,0.0058519887,0,0.0,1.975477,0.14132051,0.061072417,276.1343243122101,115.64662860180734,0.4517446429758099,1.9683009,0.13270885,30439.0,8.0,159.0,188.86,1.48,0.0
-0.033391535,0.08431948,-0.21567893028259277,122,0.0,1.29497,0.0,0.035102807,1.2367427,0.0716488,0.6366334,0.64032525,0.0049286103,0,,1.9957289,0.076474816,0.04871852,278.29257583618164,118.6145345695925,0.4633380256624707,2.0291204,0.09842025,30439.0,8.0,159.0,188.86,1.48,0.0
0.08305559,0.10677596,0.6338850557804108,123,5.162537e-15,0.3583717,0.0,0.08817247,1.178197,0.25702482,-1.184886,-1.1559658,0.030098291,0,,2.1600122,0.17646751,0.06839336,280.51144456863403,115.37410765036893,0.4506801080092536,2.0769567,0.1369928,30439.0,8.0,159.0,188.86,1.48,0.0
-0.004067866,0.1280435,0.24453145265579224,124,1.7763568e-15,0.19291657,0.0,0.056576207,1.1614912,0.3396495,0.21719894,0.22021572,0.004178265,0,2.0,2.1869373,0.14731582,0.07392378,282.6847689151764,117.79189811556759,0.4601246020139359,2.1910052,0.15468007,30751.0,8.0,161.0,189.13,1.49,1.0
-0.008460436,0.14658472,-0.07758927345275879,125,3.4972025e-15,0.42410958,0.0,0.06856802,1.0989888,0.29293424,-0.23304507,-0.23078889,0.0033551806,0,1.0,2.1600153,0.1412089,0.07181356,284.8986530303955,115.63387543194091,0.45169482590601917,2.1684756,0.15459846,31084.0,8.0,163.0,187.63,1.46,1.0
0.011852073,0.10136372,0.36427533626556396,126,7.21645e-15,0.21140748,0.0,0.053560905,1.1550725,0.3266642,0.31456253,0.31723386,0.0038264003,0,1.0,2.0978312,0.12712999,0.06489205,287.0607976913452,118.40095837415141,0.46250374364902896,2.0859792,0.13744259,31255.0,8.0,164.0,188.1,1.47,1.0
-0.0019262284,0.12804765,-0.49895191192626953,127,2.7755576e-16,0.102908954,0.0,0.048619732,1.2180151,0.35223618,0.29399785,0.29784378,0.0050639617,0,,2.053081,0.10458701,0.060853038,289.18883895874023,120.29841898384566,0.4699156991556471,2.0550072,0.14318185,31255.0,8.0,164.0,188.1,1.47,1.0
0.02235668,0.111888036,0.4591450095176697,128,2.220446e-16,0.434669,0.0,0.085035264,1.1710451,0.25659353,-0.50293106,-0.49574876,0.008353352,0,2.0,2.079229,0.15213993,0.06560245,291.34012627601624,118.99851681557433,0.46483795631083724,2.0568724,0.12709177,31461.0,8.0,165.0,188.07,1.47,2.0
0.0153211355,0.0996718,0.7033040225505829,129,2.220446e-16,0.1316933,0.0,0.06339773,1.2236754,0.23548123,0.7691916,0.7711497,0.0031817704,0,3.0,2.085566,0.18298544,0.06512819,293.5664403438568,114.98826859065235,0.44917292418223576,2.070245,0.1608346,31876.0,8.0,167.0,188.02,1.46,1.5
-0.014528967,0.09712223,0.08333045244216919,130,6.938894e-15,0.30588365,0.0,0.07665464,1.1478398,0.3041895,0.87783134,0.8841699,0.0074864114,0,0.0,2.0993948,0.101440705,0.06901935,295.8018388748169,114.520966375535,0.4473475249044336,2.1139235,0.13674074,32011.0,8.0,168.0,187.33,1.44,0.0
0.027959406,0.08388633,0.35659635066986084,131,2.942091e-15,0.4115939,0.0,0.05460541,1.2267108,0.29910538,-0.69758165,-0.6915445,0.007263927,0,7.0,2.060483,0.104580194,0.058565564,297.9301543235779,120.28292147624647,0.4698551620165878,2.0325236,0.10864637,32466.0,8.0,169.0,188.65,1.47,7.0
0.0005767008,0.09205973,0.5890449285507202,132,3.663736e-15,1.0324098,0.0,0.07485664,1.225677,0.116206035,0.55688107,0.56570923,0.010053796,0,4.0,2.0282638,0.14360598,0.0652705,300.1555550098419,115.03546376170492,0.44935728031915984,2.027687,0.14567938,32954.0,8.0,171.0,190.16,1.51,3.0
0.016097415,0.11337359,-0.09905171394348145,133,2.220446e-16,0.49363023,0.0,0.057043232,1.2357584,0.2773258,-0.7264018,-0.72007173,0.0075658304,0,4.0,2.1022077,0.108144104,0.058861427,302.38963174819946,114.58872276169302,0.44761219828786336,2.0861104,0.15852623,33383.0,8.0,173.0,190.4,1.51,2.0
-0.017404595,0.08615096,-0.21965515613555908,134,4.45477e-15,0.14713627,0.0,0.07087343,1.1997881,0.25461012,0.3775354,0.38275564,0.006420028,0,1.0,2.1428087,0.07800844,0.064348,304.5847408771515,116.62290344636202,0.4555582165873516,2.1602132,0.10886675,33561.0,8.0,174.0,189.92,1.5,1.0
-0.034375403,0.10273393,0.043354332447052,135,2.220446e-16,0.1812226,0.0,0.06524925,1.1749477,0.31540573,-0.03445219,-0.033466235,0.0021609012,0,,2.0102587,0.10503604,0.06148038,306.70871090888977,120.52900755406925,0.470816435758083,2.0446343,0.14412232,33561.0,8.0,174.0,189.92,1.5,1.0
0.031137025,0.09321311,0.0588536262512207,136,2.220446e-16,0.52047205,0.0,0.061815917,1.1522534,0.290327,0.04960639,0.054066885,0.005612749,0,,2.0596237,0.09608342,0.06645919,308.84868597984314,119.627561776199,0.46729516318827735,2.0284867,0.12218844,33561.0,8.0,174.0,189.92,1.5,1.0
-0.009098547,0.083072625,0.1255168914794922,137,7.2164497e-16,0.07121686,0.0,0.05983551,1.1320117,0.26030988,0.34878844,0.35280627,0.0051498353,0,3.0,2.0261683,0.08883461,0.059665076,311.0290286540985,117.41273654951,0.45864350214652344,2.0352669,0.101298824,33847.0,8.0,175.0,191.03,1.52,3.0
0.026663868,0.1056145,0.47969287633895874,138,8.881784e-16,0.260891,0.0,0.09535508,1.08844,0.2765752,-1.4774332,-1.4563757,0.02214589,0,1.0,2.1007252,0.14641774,0.06258778,313.2471525669098,115.41284890416345,0.4508314410318885,2.0740614,0.11787833,34021.0,8.0,176.0,190.24,1.5,1.0
-0.045104794,0.10733873,0.369886577129364,139,0.0,1.1853075,0.0,0.025161944,1.1675823,0.01606795,0.27904332,0.28646198,0.008586265,0,4.0,2.045224,0.1352219,0.05726572,315.56901121139526,110.2564967113792,0.430689440278825,2.0903287,0.15069336,34580.0,8.0,178.0,192.03,1.54,3.5
0.036799066,0.12402779,-0.040349602699279785,140,5.551115e-17,0.13895369,0.0,0.08591489,1.1644392,0.23019469,-0.8291854,-0.81606126,0.01428858,0,3.0,2.0601623,0.12159882,0.06929268,317.85202145576477,112.1326549591103,0.4380181834340246,2.0233634,0.13137475,35213.0,8.0,181.0,191.53,1.52,2.0
0.022492738,0.07681528,0.1717529296875,141,2.220446e-16,0.087303266,0.0,0.07334636,1.0825231,0.33160186,0.37225989,0.3744816,0.003304214,0,4.0,2.0115736,0.08440489,0.06508869,320.0432274341583,116.83064144781224,0.45636969315551656,1.9890807,0.114355385,35474.0,8.0,182.0,190.4,1.5,4.0
0.00064252387,0.07808036,0.28336143493652344,142,0.0,0.25901166,0.0,0.057576496,1.1944063,0.31644627,0.045615956,0.049328938,0.0049073896,0,,2.0484493,0.09223416,0.060490906,322.1665916442871,120.56339594443543,0.4709507654079509,2.0478067,0.11026839,35474.0,8.0,182.0,190.4,1.5,4.0
0.0024974484,0.08290182,0.4077339172363281,143,0.0,0.22667497,0.0,0.0664061,1.2113465,0.29773486,-0.06983781,-0.06934069,0.0017084661,0,1.0,2.054707,0.107722305,0.064015195,324.43155789375305,113.02596674911265,0.4415076826137213,2.0522099,0.117222756,35775.0,8.0,184.0,190.38,1.5,0.5
-0.024280265,0.093498744,0.38220131397247314,144,0.0,0.34045053,0.0,0.06438057,1.221447,0.276248,0.079590276,0.07984014,0.0014713099,0,3.0,1.9462011,0.11895489,0.056487374,326.6750934123993,114.10561494229054,0.44572505836832244,1.9704814,0.100189514,36148.0,8.0,186.0,190.64,1.51,1.5
0.008435726,0.0993122,0.3728882074356079,145,6.4948047e-15,0.10656168,0.0,0.048422635,1.1774337,0.28893474,0.05347836,0.054795578,0.0024946537,0,,1.9522469,0.12540941,0.057597257,328.81508350372314,119.6267221226393,0.46729188329155974,1.9438112,0.11886402,36148.0,8.0,186.0,190.64,1.51,1.5
-0.020949718,0.092141606,0.7001897692680359,146,2.220446e-16,0.25689644,0.0,0.058909804,1.1639445,0.28731573,-0.41026124,-0.40866923,0.002755939,0,2.0,1.9431467,0.16828,0.054122202,330.9954369068146,117.41215879821522,0.4586412453055282,1.9640963,0.14727613,36384.0,8.0,187.0,191.03,1.51,2.0
-0.000111676636,0.077277824,0.8566657453775406,147,6.8833828e-15,0.007568101,0.0,0.086935714,1.0476124,0.23592857,-0.81491154,-0.8088908,0.007068363,0,2.0,1.9022657,0.20411734,0.057890926,333.21306014060974,115.43890598669918,0.4509332265105437,1.9023774,0.18827738,36748.0,8.0,189.0,191.18,1.51,1.0
0.011199888,0.09643348,0.7807882577180862,148,2.7755576e-16,0.5363536,0.0,0.050158456,1.1571081,0.2000803,0.4651255,0.46678963,0.0028212513,0,1.0,1.8632872,0.20596619,0.05857563,335.42716097831726,115.62255685927225,0.45165061273153223,1.8520874,0.16574447,37036.0,8.0,191.0,190.5,1.5,0.5
0.017826386,0.08042785,0.8018035292625427,149,4.7323256e-15,0.09504428,0.0,0.07816081,1.1135882,0.22625966,0.20254163,0.20398809,0.0025600502,0,,1.8860102,0.18065853,0.06011495,337.5703592300415,119.44765249507049,0.4665923925588691,1.8681837,0.18816821,37036.0,8.0,191.0,190.5,1.5,0.5
-0.013908718,0.102751896,0.5476989150047302,150,5.495604e-15,0.15386593,0.0,0.07429966,1.107318,0.21521038,-0.69973975,-0.6967233,0.0041238046,0,5.0,1.8899026,0.15278335,0.06416757,339.76104044914246,116.85862724703574,0.45647901268373337,1.9038112,0.14075182,37343.0,8.0,192.0,192.32,1.55,5.0
0.012111152,0.08626623,0.19365084171295166,151,9.436896e-16,0.22870864,0.0,0.051622078,1.2160852,0.24593726,-0.27975386,-0.27747217,0.0034977724,0,,1.8381941,0.09606811,0.057550542,341.89736580848694,119.83193425113483,0.4680934931684954,1.8260828,0.125703,37343.0,8.0,192.0,192.32,1.55,5.0
0.006605995,0.08091802,0.7199349403381348,152,0.0,0.5166571,0.0,0.069298975,1.1635404,0.26033396,0.12326081,0.1231254,0.0010281246,0,5.0,1.8450999,0.15290292,0.059966847,344.17409563064575,112.44197599048391,0.4392264687128278,1.8384938,0.13853277,38278.0,8.0,196.0,195.87,1.63,2.5
0.038262896,0.09221734,0.7584961652755737,153,2.220446e-16,0.28271812,0.0,0.0562229,1.1850883,0.28888333,-0.35212126,-0.3491779,0.0041284515,0,1.0,1.9035273,0.18765087,0.058981687,346.3259027004242,118.96977363605309,0.4647256782658324,1.8652645,0.18338193,38438.0,8.0,197.0,195.57,1.62,1.0
-0.009830637,0.09338761,0.8022808283567429,154,9.506285e-15,0.10464273,0.0,0.06882422,1.0599345,0.21816722,-1.0322512,-1.0268446,0.0064665573,0,,1.9708186,0.21002205,0.05927784,348.4414300918579,121.01001435226325,0.47269536856352834,1.9806494,0.19048806,38438.0,8.0,197.0,195.57,1.62,1.0
0.03266206,0.11171663,0.714473694562912,155,2.220446e-16,0.8263064,0.0,0.051928774,1.1866444,0.13627407,-0.12979694,-0.12789813,0.003085443,0,3.0,1.952309,0.20907146,0.06280721,350.595502614975,118.84465228197305,0.46423692297645724,1.919647,0.22317116,38665.0,8.0,198.0,195.61,1.63,3.0
0.02390666,0.114880666,-0.3177917003631592,156,8.881784e-16,0.19560367,0.0,0.047891773,1.1063497,0.20738393,-0.22224833,-0.2176837,0.005670975,0,0.0,2.0173383,0.10007453,0.06224776,352.7570221424103,118.43520114007502,0.46263750445341806,1.9934318,0.147734,38792.0,8.0,199.0,194.88,1.61,0.0
0.032622088,0.12653448,-0.8545249700546265,157,9.173218e-15,0.19193918,0.0,0.057292458,1.0840992,0.23905133,0.19246408,0.19477527,0.0033952894,0,9.0,2.0953052,0.09291643,0.06858075,354.92354226112366,118.16183832718319,0.46156968096555934,2.062683,0.1520807,39117.0,9.0,200.0,196.24,1.68,9.0
0.04224282,0.120719954,0.40261250734329224,158,0.0,0.13535352,0.0,0.05805563,1.0752765,0.32363462,0.24919663,0.2505681,0.0024467264,0,2.0,2.079204,0.15618919,0.074328505,357.199503660202,112.4799392923206,0.4393747628606273,2.036961,0.15883274,39709.0,9.0,203.0,197.47,1.7,1.6666666666666667
0.0067522223,0.09848206,0.3999539613723755,159,0.0,0.28321582,0.0,0.06428375,1.1584128,0.30765012,-0.40390992,-0.40028408,0.00478426,0,4.0,2.2020526,0.12713492,0.061494645,359.41135144233704,115.74033352010022,0.4521106778128915,2.1953,0.124087475,40220.0,9.0,205.0,199.04,1.75,3.5
-0.009267969,0.09592949,0.7755200117826462,160,4.440892e-16,0.078496784,0.0,0.051000495,1.09465,0.3339445,0.8082847,0.8134361,0.0062460173,0,,2.1754856,0.20247123,0.059608705,361.53171825408936,120.73382708175657,0.4716165120381116,2.1847534,0.20344259,40220.0,9.0,205.0,199.04,1.75,3.5
-0.035365056,0.11728818,0.3984023332595825,161,2.220446e-16,0.13925412,0.0,0.053941146,1.0204983,0.29338557,0.08499303,0.09084346,0.0068709324,0,,2.2361517,0.15121719,0.058262132,363.6526186466217,120.70345260030659,0.4714978617199476,2.2715166,0.19554475,40220.0,9.0,205.0,199.04,1.75,3.5
-0.02338898,0.11766604,0.6642262041568756,162,4.9960036e-16,0.0994576,0.0,0.06557568,1.0212543,0.28988943,-0.22030932,-0.21501428,0.006316294,0,,2.3099976,0.20306158,0.061514266,365.82735323905945,117.71551383336377,0.45982622591157724,2.3333864,0.24850826,40220.0,9.0,205.0,199.04,1.75,3.5
-0.015655465,0.10900511,0.5489902198314667,163,4.9960036e-16,0.1446763,0.0,0.06794586,1.0688143,0.24953784,0.79845285,0.80703646,0.009652425,0,1.0,2.0464048,0.16231321,0.063397296,368.01122999191284,117.22273231102324,0.4579012980899345,2.0620604,0.20129983,40509.0,9.0,207.0,197.87,1.73,0.5
0.0014404708,0.12139599,-0.08427596092224121,164,2.220446e-16,0.021945838,0.0,0.062971324,1.0433257,0.28038073,0.5710176,0.57829875,0.008324444,0,3.0,1.954713,0.116582796,0.059978772,370.294380903244,112.12574636634108,0.43799119674351983,1.9532723,0.18576165,40971.0,9.0,209.0,198.25,1.73,2.0
0.039589934,0.103119195,0.5113296210765839,165,2.7755576e-16,0.11214906,0.0,0.061854865,1.2369057,0.2915209,0.19122216,0.19488955,0.004904283,0,2.0,2.0666072,0.1475134,0.065683186,372.44442868232727,119.06712143353137,0.4651059430997319,2.027017,0.14874023,41177.0,9.0,210.0,198.01,1.73,2.0
0.0150145795,0.10049824,0.48645102977752686,166,2.220446e-16,0.046105374,0.0,0.079458095,1.0698724,0.28024882,0.02586117,0.031624194,0.0068328963,0,2.0,2.1064246,0.14023858,0.0702859,374.6039342880249,118.54565198838591,0.4630689530796325,2.09141,0.13931109,41405.0,9.0,211.0,196.98,1.7,2.0
0.01075136,0.10540718,0.45543956756591797,167,1.110223e-15,0.5497439,0.0,0.058661025,1.1108711,0.17906037,0.121030115,0.12307701,0.0031577733,0,5.0,2.0990815,0.14283912,0.06219188,376.90509963035583,111.24798174679984,0.43456242869843686,2.0883305,0.12967815,42061.0,9.0,213.0,198.24,1.73,5.0
0.025889117,0.10446907,0.22150570154190063,168,5.551115e-17,0.6236043,0.0,0.06659356,1.0884538,0.13988087,0.4656745,0.46834362,0.0037575709,0,0.0,2.0987659,0.11840228,0.05927182,379.1235554218292,115.39558326288642,0.4507639971206501,2.072877,0.11058555,42190.0,9.0,214.0,197.8,1.72,0.0
-0.014158284,0.11679318,0.30509626865386963,169,2.7755576e-16,0.5054627,0.0,0.05964796,1.1865233,0.2621218,0.047857866,0.050436225,0.003764882,0,1.0,2.1005661,0.14010549,0.059052937,381.4171164035797,111.61682729910065,0.4360032316371119,2.1147246,0.17264806,42502.0,9.0,216.0,196.69,1.69,0.5
0.015418733,0.11294496,0.5691207349300385,170,0.0,0.44108456,0.0,0.051605698,1.1305537,0.16927604,0.6898257,0.69756216,0.0088670105,0,2.0,2.1461284,0.1720636,0.06244523,383.6149401664734,116.47885709587007,0.45499553553074246,2.1307096,0.15112405,42739.0,9.0,217.0,197.5,1.7,2.0
-0.023415409,0.10102803,-0.12936747074127197,171,1.110223e-15,0.30056113,0.0,0.0621447,1.1797309,0.23858266,-0.40878022,-0.40439165,0.0055682827,0,4.0,2.1588988,0.095065795,0.063754395,385.80797958374023,116.7329679459429,0.45598815603883947,2.1823144,0.12763841,43140.0,9.0,219.0,197.57,1.71,2.0
0.028145496,0.104133844,0.2926255464553833,172,2.220446e-16,0.3595673,0.0,0.05031783,1.2211673,0.2703268,0.30342552,0.30924606,0.007041709,0,1.0,2.1194634,0.123813264,0.06352252,387.98555970191956,117.56169054943524,0.4592253537087314,2.0913177,0.10343902,43309.0,9.0,220.0,197.5,1.71,1.0
0.033730295,0.109052815,0.15356206893920898,173,8.881784e-16,0.25429228,0.0,0.05957195,1.1351547,0.2293961,-0.47682402,-0.4705282,0.007430972,0,,2.2264652,0.118533015,0.06682823,390.10456824302673,120.81121667694671,0.4719188151443231,2.1927347,0.12880667,43309.0,9.0,220.0,197.5,1.71,1.0
0.011516284,0.12055589,0.25789958238601685,174,2.220446e-16,0.18696828,0.0,0.06775431,1.0629072,0.27548933,-0.60188377,-0.59364384,0.009302827,0,,2.3108084,0.13994491,0.06860058,392.2259397506714,120.67664672475749,0.47139315126858394,2.2992923,0.1478872,43309.0,9.0,220.0,197.5,1.71,1.0
-0.0112632625,0.111795165,0.5000700652599335,175,2.7755576e-16,0.5894681,0.0,0.06716664,1.115031,0.20323616,-0.07122055,-0.06903313,0.0033024466,0,2.0,2.2488122,0.15811332,0.066347465,394.4163544178009,116.87284779529054,0.45653456170035367,2.2600753,0.16057631,43691.0,9.0,222.0,198.78,1.74,1.5
-0.0058618644,0.089908846,0.28647637367248535,176,0.0,0.43918476,0.0,0.0713014,1.1426443,0.234824,-0.88626474,-0.88146317,0.005944206,0,4.0,2.0777836,0.10643838,0.06475142,396.6209840774536,116.11927603311256,0.4535909220043459,2.0836453,0.14535117,44243.0,9.0,224.0,201.24,1.79,3.5
0.01933457,0.09194158,0.028267323970794678,177,8.881784e-16,0.20652282,0.0,0.065909125,1.1215932,0.25094822,-0.051394608,-0.050017394,0.0024988067,0,1.0,2.1261582,0.09326925,0.059630316,398.773300409317,118.9416240587478,0.4646157189794836,2.1068237,0.10315467,44419.0,9.0,225.0,201.43,1.79,1.0
-0.004775849,0.11228201,-0.0849454402923584,178,2.220446e-16,0.6668936,0.0,0.06965494,1.0856287,0.23643638,0.18259555,0.18443237,0.0029224511,0,3.0,2.1957526,0.107796885,0.06325506,400.9752769470215,116.25918606148124,0.4541374455526611,2.2005286,0.116709985,44858.0,9.0,227.0,202.82,1.82,2.0
-0.031112,0.11714261,0.03516286611557007,179,2.220446e-16,0.49098146,0.0,0.041294407,1.1373912,0.16344371,-0.12111871,-0.11865952,0.0035965845,0,0.0,2.1058483,0.119258106,0.05796781,403.13905119895935,118.3117877341999,0.46215542083671834,2.13696,0.11153252,44988.0,9.0,228.0,201.98,1.8,0.0
0.01697978,0.09167945,-0.3313544988632202,180,2.220446e-16,0.5378854,0.0,0.0507975,1.1435434,0.25654465,0.3562701,0.3574966,0.0023700378,0,1.0,2.0853982,0.07945571,0.061751276,405.31192350387573,117.81640339414773,0.46022032575838956,2.0684183,0.09944303,45147.0,9.0,229.0,200.99,1.78,1.0
0.0028117578,0.14758956,-1.4294822216033936,181,2.220446e-16,0.17413199,0.0,0.049595825,1.1056254,0.250143,0.23085615,0.23398195,0.0042314176,0,4.0,2.097681,0.09468883,0.053650253,407.4816749095917,117.98586664149616,0.46088229156834437,2.0948691,0.13544014,45451.0,9.0,230.0,202.11,1.8,4.0
-0.004910292,0.113709174,0.522769421339035,182,2.220446e-16,0.40173,0.0,0.080263406,1.0418786,0.21748795,-0.021670058,-0.016534701,0.0061772363,0,1.0,2.137436,0.1646006,0.058091834,409.9531853199005,103.5803850682589,0.40461087917288635,2.1423464,0.15694565,45758.0,9.0,232.0,201.84,1.79,0.5
0.0024408633,0.11041858,0.5913183987140656,183,1.110223e-16,0.1654754,0.0,0.07374059,1.0526656,0.27162215,-0.45973355,-0.45409918,0.006687059,0,3.0,2.179486,0.17272276,0.061570644,412.17421984672546,115.26160305394316,0.4502406369294655,2.1770453,0.1721697,45976.0,9.0,233.0,201.81,1.8,3.0
-0.061891306,0.08866126,0.3357160687446594,184,5.551115e-16,0.01296399,0.0,0.05781059,1.0706658,0.24126954,-0.04172781,-0.035731606,0.007066871,0,3.0,2.0283237,0.10878199,0.05776883,414.37470841407776,116.33780052219412,0.45444453328982076,2.090215,0.13931437,46388.0,9.0,235.0,202.21,1.81,2.0
0.09807841,0.09697412,0.5461790561676025,185,1.3877788e-15,0.26525834,0.0,0.052877247,1.1696475,0.25030366,0.23542404,0.23958734,0.005332954,0,,2.12054,0.14395064,0.06666687,416.4950702190399,120.73411216939404,0.47161762566169546,2.0224614,0.15870886,46388.0,9.0,235.0,202.21,1.81,2.0
-0.020841964,0.11085229,-1.5753049850463867,186,0.0,0.48126546,0.0,0.06970663,1.0327648,0.20473449,-1.0782282,-1.0704798,0.0087812,0,0.0,2.240019,0.0690765,0.066243604,418.653644323349,118.59680864741063,0.46326878377894776,2.2608612,0.09930143,46516.0,9.0,236.0,201.96,1.8,0.0
0.051961638,0.106642865,0.10033965110778809,187,5.5233595e-15,0.41688728,0.0,0.07366085,1.0964448,0.2329023,0.1413396,0.14704956,0.0068064,0,3.0,2.0352407,0.112432666,0.06743021,420.86722779273987,115.64958066408299,0.4517561744690742,1.9832792,0.13923879,46952.0,9.0,238.0,201.68,1.79,2.0
0.06264139,0.12578945,-0.5262881517410278,188,1.3024304e-14,0.6388122,0.0,0.07364127,0.9713435,0.2381575,0.5178906,0.5232369,0.006317636,0,3.0,2.207782,0.10181832,0.06560009,423.12167382240295,113.55339477266517,0.4435679483307233,2.1451406,0.123261444,47512.0,9.0,241.0,202.59,1.81,1.3333333333333333
-0.010444759,0.10499638,0.49324119091033936,189,6.8833828e-15,0.33301598,0.0,0.07051581,1.1533226,0.25454086,0.022631168,0.026922142,0.0054442957,0,,2.209557,0.14749376,0.05831299,425.24518847465515,120.55485453254899,0.4709174005177695,2.2200017,0.1409036,47512.0,9.0,241.0,202.59,1.81,1.3333333333333333
-0.009613555,0.13303958,0.18551737070083618,190,8.881784e-16,0.3707444,0.0,0.05318076,1.0624408,0.23326674,-0.29455966,-0.29153663,0.0040854756,0,3.0,2.21273,0.14741442,0.065773636,427.4218249320984,117.61265834015647,0.4594244466412362,2.2223434,0.1989157,47807.0,9.0,242.0,204.2,1.84,3.0
0.0009327717,0.09965953,0.3817586898803711,191,5.689893e-16,0.4503027,0.0,0.048831098,1.1763394,0.24187958,0.067462504,0.07051813,0.004231969,0,0.0,2.1310413,0.12674764,0.057255957,429.5890598297119,118.12286719907345,0.4614174499963807,2.1301084,0.15603489,47936.0,9.0,243.0,203.7,1.83,0.0
0.0056310585,0.099287674,0.3127173185348511,192,5.551115e-17,0.35488835,0.0,0.05097104,1.1976258,0.22706933,0.16159767,0.16278216,0.0023821145,0,2.0,2.146905,0.11976436,0.06034033,431.8623888492584,112.61018435908926,0.4398835326526924,2.141274,0.13716719,48442.0,9.0,246.0,204.57,1.84,0.6666666666666666
0.026069244,0.11287783,0.36561059951782227,193,5.551115e-17,0.058669046,0.0,0.08559348,1.0327524,0.23083524,-1.2072177,-1.1895212,0.018729236,0,1.0,2.211566,0.14171986,0.06379029,434.11788034439087,113.50076050052552,0.4433623457051778,2.1854968,0.12188968,48614.0,9.0,247.0,204.59,1.84,1.0
-0.0073983893,0.10113649,0.3009546399116516,194,5.5094818e-15,0.16358598,0.0,0.050224986,1.1533928,0.2333632,0.09330649,0.09545225,0.0032991534,0,3.0,2.1654727,0.120963745,0.05664966,436.35446882247925,114.46003701977585,0.44710951960849943,2.172871,0.1348314,48989.0,9.0,249.0,202.63,1.8,1.5
0.034120493,0.12486859,0.08403247594833374,195,8.881784e-16,0.45007896,0.0,0.07335728,1.1056238,0.18897349,-1.4802842,-1.4545735,0.026816357,0,1.0,2.2134595,0.13047074,0.06685901,438.5816504955292,114.94347457045605,0.44899794754084393,2.179339,0.1338888,49143.0,9.0,250.0,202.58,1.8,1.0
0.0819236,0.14693931,0.12203741073608398,196,8.881784e-16,0.19008002,0.0,0.053053297,1.0413834,0.23663937,0.79016995,0.7936977,0.004569165,0,,2.1632419,0.15681948,0.06493507,440.724636554718,119.45947987029857,0.46663859324335377,2.0813184,0.13225025,49143.0,9.0,250.0,202.58,1.8,1.0
0.02455805,0.11034116,0.7032493352890015,197,2.220446e-16,0.29985526,0.0,0.06846385,1.0741248,0.30909377,0.05863835,0.0629382,0.005373973,0,0.0,2.3041825,0.20255443,0.07219845,442.9058039188385,117.36834330602935,0.45847009103917713,2.2796245,0.22505456,49267.0,9.0,251.0,202.5,1.8,0.0
0.032434847,0.10732594,0.7104969024658203,198,1.110223e-15,0.27631518,0.0,0.06620842,1.0762151,0.261686,0.764187,0.76781064,0.004699899,0,,2.1910515,0.19947024,0.0678528,445.04221630096436,119.82705312036487,0.46807442625142526,2.1586165,0.21255314,49267.0,9.0,251.0,202.5,1.8,0.0
0.029641002,0.12583943,0.5389236509799957,199,0.0,0.24237092,0.0,0.08805081,1.0872991,0.2666255,-0.59494543,-0.58506554,0.010967189,0,2.0,2.311993,0.18532342,0.07013522,447.3231112957001,112.2366442080172,0.4384243914375672,2.282352,0.21523811,49859.0,9.0,254.0,202.39,1.8,1.6666666666666667
0.021690683,0.13358097,0.09227842092514038,200,2.7755576e-16,0.57232964,0.0,0.058586933,1.2310667,0.27878416,-0.13261501,-0.12824257,0.0056035137,0,5.0,2.2637334,0.14020652,0.06977847,449.5541045665741,114.74709643552997,0.44823084545128894,2.242043,0.1646773,50446.0,9.0,256.0,205.67,1.88,4.0
-0.020437563,0.104986556,0.0035404562950134277,201,1.2490009e-16,0.22315915,0.0,0.061900426,1.029525,0.18339837,0.22531277,0.22871473,0.0044314926,0,3.0,2.2657034,0.1051729,0.058384262,451.8011620044708,113.92677182280616,0.44502645243283656,2.2861412,0.11024168,50740.0,9.0,257.0,206.21,1.89,3.0
0.0032898122,0.110084325,0.41919970512390137,202,0.0,0.12926726,0.0,0.07061401,1.0739357,0.27472055,-0.8047627,-0.79757434,0.008262328,0,,2.268002,0.14444818,0.06250003,453.978346824646,117.5830354996701,0.45930873242058634,2.264712,0.1347343,50740.0,9.0,257.0,206.21,1.89,3.0
0.002337596,0.115330294,0.6064198315143585,203,8.881784e-16,0.2697702,0.0,0.061229154,1.1058617,0.25162563,0.23780414,0.23832482,0.0016265375,0,3.0,2.1798563,0.1838344,0.061113134,456.4408094882965,103.96096711593961,0.4060975277966391,2.1775188,0.15670155,51112.0,9.0,259.0,206.73,1.9,1.5
0.023091113,0.13425747,0.5555545091629028,204,4.440892e-16,0.1049748,0.0,0.055818945,1.1219649,0.24640036,0.24190216,0.24248314,0.0017029535,0,0.0,2.2107275,0.20138596,0.064906634,458.6220133304596,117.366380459942,0.4584624236716484,2.1876364,0.18651251,51261.0,9.0,260.0,206.92,1.9,0.0
0.011877282,0.1013713,0.6671026647090912,205,2.7755576e-16,0.09760289,0.0,0.08599348,1.0006406,0.2671395,0.11178186,0.118086934,0.0073057218,0,,2.2011657,0.17569518,0.061773248,460.78843212127686,118.16736500121772,0.4615912695360067,2.1892881,0.18651797,51261.0,9.0,260.0,206.92,1.9,0.0
0.043334804,0.107285775,0.24981659650802612,206,0.0,0.3916091,0.0,0.09452599,1.0979987,0.2840858,0.374331,0.37794128,0.004708282,0,4.0,2.2172174,0.1238678,0.07590543,463.23687171936035,104.5563877501339,0.4084233896489605,2.1738827,0.14780243,51942.0,9.0,263.0,208.58,1.92,2.0
0.025325634,0.101080924,-0.7675845623016357,207,1.8041124e-16,0.28157598,0.0,0.07211496,1.1276755,0.25763988,0.027936887,0.03204929,0.005240081,0,2.0,2.1898,0.07602897,0.06574936,465.51241183280945,112.50076343939901,0.4394561071851524,2.1644745,0.0996525,52515.0,9.0,266.0,207.7,1.89,1.0
0.03789892,0.11323627,0.09910476207733154,208,5.551115e-17,0.4207827,0.0,0.061240852,1.1680837,0.21061176,-0.31338948,-0.31004226,0.004515303,0,1.0,2.2578669,0.1193022,0.06808485,467.761164188385,113.84090354158964,0.44469102945933453,2.2199678,0.112962015,52694.0,9.0,267.0,208.18,1.9,1.0
0.045410324,0.11179018,0.3037186861038208,209,4.440892e-16,0.5267446,0.0,0.06195834,1.077626,0.2613465,0.4250849,0.4258168,0.0018095451,0,,2.3681955,0.13397115,0.06800007,469.9157898426056,118.81414272522713,0.46411774502041847,2.3227851,0.108490594,52694.0,9.0,267.0,208.18,1.9,1.0
0.002544215,0.09752541,0.19073426723480225,210,0.0,0.20451996,0.0,0.069760606,1.1800596,0.19995725,0.93372524,0.9394465,0.0069012963,0,1.0,2.441908,0.108410716,0.07478292,472.1443295478821,114.87343007345643,0.4487243362244392,2.4393637,0.12554722,53002.0,9.0,269.0,205.36,1.84,0.5
0.024630733,0.11133752,0.5269206166267395,211,1.6597834e-14,0.69403493,0.0,0.05146794,1.1227269,0.18059412,1.1166208,1.1225734,0.007075363,0,1.0,2.5407634,0.16187303,0.07015967,474.3513743877411,115.99220612860493,0.453094555189863,2.5161324,0.13682531,53172.0,9.0,270.0,204.29,1.81,1.0
0.004049267,0.11146081,0.6605020761489868,212,3.6776138e-15,0.10801235,0.0,0.07394047,1.0144613,0.2830187,0.9408445,0.94767296,0.007842986,0,2.0,2.540116,0.19129503,0.065078534,476.56893515586853,115.44215774351574,0.45094592868560834,2.5360668,0.20310701,53372.0,9.0,271.0,204.18,1.81,2.0
0.012084969,0.13243103,0.479648232460022,213,2.220446e-16,0.20035055,0.0,0.07314913,0.98777574,0.31133062,-0.71937346,-0.7110676,0.009293592,0,2.0,2.5079312,0.18358673,0.075478636,478.8374774456024,112.84779708913,0.44081170737941405,2.4958465,0.20515135,53913.0,9.0,274.0,203.52,1.8,1.3333333333333333
-0.0548925,0.11987974,-0.008145332336425781,214,0.0,0.38212356,0.0,0.07425793,0.975121,0.31112725,0.7895517,0.80550665,0.016930105,0,3.0,2.450078,0.11939448,0.0661346,481.0326762199402,116.61814091401732,0.45553961294538015,2.5049708,0.16392542,54164.0,9.0,275.0,203.17,1.8,3.0
-0.005335301,0.115527555,-1.268202781677246,215,4.440892e-16,0.48609,0.0,0.06062492,1.1060069,0.22703245,0.028951727,0.02958031,0.0017345909,0,0.0,2.349249,0.076708704,0.05507521,483.41976284980774,107.24369899143711,0.4189206991853012,2.354584,0.0992109,54300.0,9.0,276.0,202.79,1.79,0.0
0.042315736,0.13336338,0.28816109895706177,216,0.0,0.5731252,0.0,0.043625098,0.95138514,0.21951288,1.190702,1.1997714,0.010020895,0,1.0,2.473847,0.15806864,0.0641023,486.1126775741577,95.06428023330524,0.3713448446613486,2.4315312,0.10782388,54612.0,9.0,278.0,200.32,1.73,0.5
-0.00082874205,0.11363207,0.5500795543193817,217,3.469447e-16,0.050350666,0.0,0.049324714,0.86104983,0.29582232,-0.034320284,-0.03073192,0.004449412,0,0.0,2.6036692,0.16940767,0.06626883,488.8573477268219,93.27168139002315,0.3643425054297779,2.604498,0.18552168,54744.0,9.0,279.0,199.62,1.71,0.0
0.026000718,0.13020112,0.07684701681137085,218,0.0,0.11571626,0.0,0.08470932,1.066639,0.22339885,-0.5619824,-0.5520703,0.010978704,0,2.0,2.4076552,0.13551204,0.07276695,491.38635301589966,101.22556924084346,0.39541237984704475,2.3816543,0.13870683,54947.0,9.0,280.0,199.92,1.72,2.0
0.046413988,0.12326977,0.6417345702648163,219,3.469447e-16,0.6485615,0.0,0.051465094,1.0581409,0.17274037,0.6675947,0.66927016,0.002733643,0,,2.535552,0.20594636,0.07138832,493.68960213661194,111.14733430174151,0.43416927461617777,2.489138,0.18700612,54947.0,9.0,280.0,199.92,1.72,2.0
